id,0,1,2,3,4,5,6,7,8,9
img_901_1,0,1,0,0,0,0,0,0,0,0
img_901_2,0,0,0,0,0,0,1,0,0,0
img_901_3,0,0,0,0,0,0,0,0,0,1
img_901_4,0,0,0,0,0,0,0,0,0,1
img_901_5,0,0,0,0,0,0,1,0,0,0
img_901_6,0,0,0,0,0,0,0,0,1,0
img_901_7,0,0,0,0,0,1,0,0,0,0
img_902_1,0,1,0,0,0,0,0,0,0,0
img_902_2,0,0,1,0,0,0,0,0,0,0
img_902_3,0,0,0,0,0,0,0,0,0,1
img_902_4,0,0,1,0,0,0,0,0,0,0
img_902_5,0,0,1,0,0,0,0,0,0,0
img_902_6,0,0,0,0,0,0,0,1,0,0
img_902_7,0,0,0,0,0,1,0,0,0,0
img_903_1,0,1,0,0,0,0,0,0,0,0
img_903_2,0,1,0,0,0,0,0,0,0,0
img_903_3,0,1,0,0,0,0,0,0,0,0
img_903_4,0,0,1,0,0,0,0,0,0,0
img_903_5,0,0,0,0,0,0,0,1,0,0
img_903_6,0,0,0,0,0,0,0,0,0,1
img_903_7,0,0,0,0,0,0,0,0,0,1
img_904_1,0,1,0,0,0,0,0,0,0,0
img_904_2,0,0,1,0,0,0,0,0,0,0
img_904_3,0,0,1,0,0,0,0,0,0,0
img_904_4,0,0,0,0,0,0,1,0,0,0
img_904_5,0,0,0,1,0,0,0,0,0,0
img_904_6,0,0,1,0,0,0,0,0,0,0
img_904_7,0,0,0,0,1,0,0,0,0,0
img_905_1,0,1,0,0,0,0,0,0,0,0
img_905_2,0,0,1,0,0,0,0,0,0,0
img_905_3,1,0,0,0,0,0,0,0,0,0
img_905_4,0,0,0,0,0,0,0,0,1,0
img_905_5,0,0,0,0,0,0,0,0,0,1
img_905_6,0,1,0,0,0,0,0,0,0,0
img_905_7,0,0,0,0,0,0,0,1,0,0
img_906_1,0,1,0,0,0,0,0,0,0,0
img_906_2,0,0,0,0,0,0,0,1,0,0
img_906_3,0,0,0,0,0,1,0,0,0,0
img_906_4,0,0,1,0,0,0,0,0,0,0
img_906_5,0,0,0,0,0,0,0,1,0,0
img_906_6,0,0,1,0,0,0,0,0,0,0
img_906_7,1,0,0,0,0,0,0,0,0,0
img_907_1,1,0,0,0,0,0,0,0,0,0
img_907_2,0,0,0,0,0,0,0,1,0,0
img_907_3,0,0,0,0,0,1,0,0,0,0
img_907_4,0,0,0,0,0,0,1,0,0,0
img_907_5,0,0,0,0,0,1,0,0,0,0
img_907_6,0,0,0,0,0,1,0,0,0,0
img_907_7,0,0,0,0,0,0,0,0,1,0
img_908_1,0,1,0,0,0,0,0,0,0,0
img_908_2,0,0,0,0,0,0,0,1,0,0
img_908_3,0,0,0,0,0,0,0,1,0,0
img_908_4,0,0,0,0,1,0,0,0,0,0
img_908_5,0,0,0,0,0,0,0,1,0,0
img_908_6,0,1,0,0,0,0,0,0,0,0
img_908_7,0,0,1,0,0,0,0,0,0,0
img_909_1,1,0,0,0,0,0,0,0,0,0
img_909_2,0,0,0,0,0,0,0,0,1,0
img_909_3,1,0,0,0,0,0,0,0,0,0
img_909_4,0,0,0,0,1,0,0,0,0,0
img_909_5,0,0,1,0,0,0,0,0,0,0
img_909_6,0,0,0,0,0,0,1,0,0,0
img_909_7,0,0,0,0,0,0,0,1,0,0
img_910_1,1,0,0,0,0,0,0,0,0,0
img_910_2,0,0,0,0,0,0,0,0,1,0
img_910_3,0,0,0,0,0,0,0,0,0,1
img_910_4,0,0,0,1,0,0,0,0,0,0
img_910_5,0,1,0,0,0,0,0,0,0,0
img_910_6,0,0,0,0,0,0,0,0,1,0
img_910_7,0,0,0,0,0,0,0,1,0,0
img_911_1,0,1,0,0,0,0,0,0,0,0
img_911_2,0,1,0,0,0,0,0,0,0,0
img_911_3,0,0,0,0,0,0,0,0,1,0
img_911_4,0,0,0,0,0,0,0,0,0,1
img_911_5,0,0,0,0,0,0,1,0,0,0
img_911_6,0,0,0,1,0,0,0,0,0,0
img_911_7,1,0,0,0,0,0,0,0,0,0
img_912_1,0,1,0,0,0,0,0,0,0,0
img_912_2,0,0,0,0,0,0,1,0,0,0
img_912_3,1,0,0,0,0,0,0,0,0,0
img_912_4,0,0,0,0,0,0,0,0,1,0
img_912_5,0,0,0,0,0,0,0,0,1,0
img_912_6,1,0,0,0,0,0,0,0,0,0
img_912_7,0,0,0,0,0,0,1,0,0,0
img_913_1,1,0,0,0,0,0,0,0,0,0
img_913_2,0,0,0,0,0,0,0,0,1,0
img_913_3,1,0,0,0,0,0,0,0,0,0
img_913_4,0,0,0,0,0,0,0,1,0,0
img_913_5,0,0,0,0,0,1,0,0,0,0
img_913_6,0,0,0,1,0,0,0,0,0,0
img_913_7,0,0,0,0,0,0,0,1,0,0
img_914_1,0,1,0,0,0,0,0,0,0,0
img_914_2,1,0,0,0,0,0,0,0,0,0
img_914_3,0,1,0,0,0,0,0,0,0,0
img_914_4,0,0,0,0,0,0,1,0,0,0
img_914_5,0,0,0,0,0,0,0,0,0,1
img_914_6,0,0,0,0,0,1,0,0,0,0
img_914_7,1,0,0,0,0,0,0,0,0,0
img_915_1,0,1,0,0,0,0,0,0,0,0
img_915_2,0,0,0,1,0,0,0,0,0,0
img_915_3,0,0,1,0,0,0,0,0,0,0
img_915_4,0,1,0,0,0,0,0,0,0,0
img_915_5,0,1,0,0,0,0,0,0,0,0
img_915_6,0,0,0,0,1,0,0,0,0,0
img_915_7,0,0,0,0,0,1,0,0,0,0
img_917_1,1,0,0,0,0,0,0,0,0,0
img_917_2,0,0,0,0,0,0,0,0,0,1
img_917_3,1,0,0,0,0,0,0,0,0,0
img_917_4,0,0,0,0,0,0,0,1,0,0
img_917_5,0,0,0,0,0,0,0,1,0,0
img_917_6,1,0,0,0,0,0,0,0,0,0
img_917_7,0,0,0,0,0,0,0,0,1,0
img_918_1,1,0,0,0,0,0,0,0,0,0
img_918_2,0,0,0,0,1,0,0,0,0,0
img_918_3,0,0,0,0,0,0,0,1,0,0
img_918_4,0,1,0,0,0,0,0,0,0,0
img_918_5,0,1,0,0,0,0,0,0,0,0
img_918_6,0,0,0,0,0,0,0,0,1,0
img_918_7,0,0,0,0,0,0,0,1,0,0
img_919_1,0,1,0,0,0,0,0,0,0,0
img_919_2,0,0,0,0,0,0,0,0,0,1
img_919_3,0,0,0,1,0,0,0,0,0,0
img_919_4,0,0,0,0,0,0,1,0,0,0
img_919_5,0,0,0,0,0,0,0,1,0,0
img_919_6,0,0,0,0,0,1,0,0,0,0
img_919_7,0,0,0,0,0,1,0,0,0,0
img_920_1,0,1,0,0,0,0,0,0,0,0
img_920_2,0,0,0,0,1,0,0,0,0,0
img_920_3,0,1,0,0,0,0,0,0,0,0
img_920_4,0,0,0,0,0,0,1,0,0,0
img_920_5,0,0,0,0,0,0,1,0,0,0
img_920_6,1,0,0,0,0,0,0,0,0,0
img_920_7,0,0,0,1,0,0,0,0,0,0
img_921_1,0,1,0,0,0,0,0,0,0,0
img_921_2,0,0,1,0,0,0,0,0,0,0
img_921_3,0,0,0,0,0,1,0,0,0,0
img_921_4,0,0,0,0,0,0,0,1,0,0
img_921_5,0,0,0,0,0,0,0,1,0,0
img_921_6,0,0,0,0,0,0,1,0,0,0
img_921_7,0,0,0,0,0,0,0,1,0,0
img_922_1,0,1,0,0,0,0,0,0,0,0
img_922_2,0,0,0,0,0,0,1,0,0,0
img_922_3,0,1,0,0,0,0,0,0,0,0
img_922_4,0,0,0,1,0,0,0,0,0,0
img_922_5,0,0,1,0,0,0,0,0,0,0
img_922_6,0,0,0,1,0,0,0,0,0,0
img_922_7,1,0,0,0,0,0,0,0,0,0
img_923_1,1,0,0,0,0,0,0,0,0,0
img_923_2,0,0,0,0,0,0,0,1,0,0
img_923_3,0,0,0,1,0,0,0,0,0,0
img_923_4,0,0,0,0,0,0,0,1,0,0
img_923_5,0,0,0,0,0,1,0,0,0,0
img_923_6,0,0,1,0,0,0,0,0,0,0
img_923_7,0,0,0,0,0,0,0,1,0,0
img_924_1,1,0,0,0,0,0,0,0,0,0
img_924_2,0,0,0,0,0,0,0,1,0,0
img_924_3,0,0,0,0,0,0,0,0,0,1
img_924_4,0,0,0,0,0,0,0,0,0,1
img_924_5,0,0,0,0,0,0,0,1,0,0
img_924_6,0,0,0,0,0,0,0,1,0,0
img_924_7,0,0,0,0,0,0,0,0,1,0
img_925_1,1,0,0,0,0,0,0,0,0,0
img_925_2,0,0,0,0,0,0,0,0,1,0
img_925_3,0,0,0,0,0,0,0,0,1,0
img_925_4,0,0,0,0,0,0,0,1,0,0
img_925_5,0,0,0,0,0,0,0,1,0,0
img_925_6,1,0,0,0,0,0,0,0,0,0
img_925_7,0,0,0,1,0,0,0,0,0,0
img_926_1,1,0,0,0,0,0,0,0,0,0
img_926_2,0,0,0,0,0,0,0,0,0,1
img_926_3,1,0,0,0,0,0,0,0,0,0
img_926_4,0,1,0,0,0,0,0,0,0,0
img_926_5,0,0,0,1,0,0,0,0,0,0
img_926_6,0,0,0,0,0,0,0,0,0,1
img_926_7,0,0,0,0,0,0,0,1,0,0
img_927_1,0,1,0,0,0,0,0,0,0,0
img_927_2,0,0,0,0,0,0,1,0,0,0
img_927_3,0,0,0,0,0,0,0,0,0,1
img_927_4,0,0,0,0,0,0,0,0,0,1
img_927_5,1,0,0,0,0,0,0,0,0,0
img_927_6,0,0,0,0,1,0,0,0,0,0
img_927_7,0,0,0,0,1,0,0,0,0,0
img_928_1,0,1,0,0,0,0,0,0,0,0
img_928_2,0,0,0,0,1,0,0,0,0,0
img_928_3,0,0,0,0,0,0,1,0,0,0
img_928_4,0,0,0,0,0,1,0,0,0,0
img_928_5,0,0,0,0,0,1,0,0,0,0
img_928_6,0,0,0,0,1,0,0,0,0,0
img_928_7,0,0,0,1,0,0,0,0,0,0
img_929_1,1,0,0,0,0,0,0,0,0,0
img_929_2,0,0,0,0,0,0,0,0,1,0
img_929_3,0,0,0,0,0,0,0,1,0,0
img_929_4,0,0,0,0,0,0,0,0,1,0
img_929_5,0,1,0,0,0,0,0,0,0,0
img_929_6,0,0,0,0,0,0,0,1,0,0
img_929_7,0,0,0,0,0,0,0,0,0,1
img_930_1,1,0,0,0,0,0,0,0,0,0
img_930_2,0,0,0,1,0,0,0,0,0,0
img_930_3,0,0,0,0,0,0,0,1,0,0
img_930_4,0,0,0,1,0,0,0,0,0,0
img_930_5,0,0,0,0,0,0,0,0,1,0
img_930_6,0,1,0,0,0,0,0,0,0,0
img_930_7,0,0,0,0,0,0,0,0,0,1
img_931_1,1,0,0,0,0,0,0,0,0,0
img_931_2,0,0,0,0,0,0,0,0,0,1
img_931_3,0,1,0,0,0,0,0,0,0,0
img_931_4,0,0,0,0,0,0,0,1,0,0
img_931_5,0,1,0,0,0,0,0,0,0,0
img_931_6,0,0,0,1,0,0,0,0,0,0
img_931_7,0,0,0,1,0,0,0,0,0,0
img_932_1,0,1,0,0,0,0,0,0,0,0
img_932_2,0,0,0,0,0,0,0,0,0,1
img_932_3,0,1,0,0,0,0,0,0,0,0
img_932_4,0,0,1,0,0,0,0,0,0,0
img_932_5,0,0,0,0,0,0,0,1,0,0
img_932_6,0,0,0,0,0,0,0,1,0,0
img_932_7,0,0,0,0,1,0,0,0,0,0
img_933_1,1,0,0,0,0,0,0,0,0,0
img_933_2,0,0,0,0,0,0,0,0,0,1
img_933_3,1,0,0,0,0,0,0,0,0,0
img_933_4,0,0,0,0,0,0,0,0,0,1
img_933_5,0,0,0,0,0,0,0,0,1,0
img_933_6,0,0,0,0,1,0,0,0,0,0
img_933_7,0,0,0,0,0,0,0,0,1,0
img_934_1,0,1,0,0,0,0,0,0,0,0
img_934_2,0,0,0,0,1,0,0,0,0,0
img_934_3,0,0,1,0,0,0,0,0,0,0
img_934_4,0,0,0,0,1,0,0,0,0,0
img_934_5,1,0,0,0,0,0,0,0,0,0
img_934_6,0,0,0,0,1,0,0,0,0,0
img_934_7,0,0,0,0,1,0,0,0,0,0
img_935_1,1,0,0,0,0,0,0,0,0,0
img_935_2,0,1,0,0,0,0,0,0,0,0
img_935_3,0,0,0,0,0,0,0,0,1,0
img_935_4,1,0,0,0,0,0,0,0,0,0
img_935_5,0,0,1,0,0,0,0,0,0,0
img_935_6,0,0,1,0,0,0,0,0,0,0
img_935_7,0,0,0,0,0,0,0,0,1,0
img_936_1,1,0,0,0,0,0,0,0,0,0
img_936_2,0,0,0,0,0,0,0,0,0,1
img_936_3,1,0,0,0,0,0,0,0,0,0
img_936_4,0,0,0,0,1,0,0,0,0,0
img_936_5,0,0,0,0,0,0,1,0,0,0
img_936_6,0,0,0,1,0,0,0,0,0,0
img_936_7,0,0,0,0,0,0,1,0,0,0
img_937_1,0,1,0,0,0,0,0,0,0,0
img_937_2,0,1,0,0,0,0,0,0,0,0
img_937_3,0,0,0,0,1,0,0,0,0,0
img_937_4,0,0,0,0,1,0,0,0,0,0
img_937_5,0,0,0,1,0,0,0,0,0,0
img_937_6,0,0,0,0,0,0,0,0,0,1
img_937_7,0,1,0,0,0,0,0,0,0,0
img_938_1,0,1,0,0,0,0,0,0,0,0
img_938_2,0,0,0,1,0,0,0,0,0,0
img_938_3,0,0,0,0,0,1,0,0,0,0
img_938_4,0,0,0,0,0,1,0,0,0,0
img_938_5,0,0,0,0,0,0,0,0,0,1
img_938_6,1,0,0,0,0,0,0,0,0,0
img_938_7,0,0,0,0,0,0,1,0,0,0
img_939_1,1,0,0,0,0,0,0,0,0,0
img_939_2,0,0,0,0,0,0,0,0,1,0
img_939_3,0,0,0,0,0,0,0,1,0,0
img_939_4,0,0,0,0,0,0,0,0,1,0
img_939_5,0,1,0,0,0,0,0,0,0,0
img_939_6,0,0,0,0,0,0,0,1,0,0
img_939_7,0,0,0,0,0,0,0,0,0,1
img_940_1,1,0,0,0,0,0,0,0,0,0
img_940_2,0,0,0,0,0,0,0,0,0,1
img_940_3,0,1,0,0,0,0,0,0,0,0
img_940_4,0,0,0,0,1,0,0,0,0,0
img_940_5,0,0,1,0,0,0,0,0,0,0
img_940_6,0,0,0,0,0,0,0,0,0,1
img_940_7,0,0,0,1,0,0,0,0,0,0
img_941_1,1,0,0,0,0,0,0,0,0,0
img_941_2,0,0,0,0,0,0,0,0,1,0
img_941_3,0,0,0,0,1,0,0,0,0,0
img_941_4,0,0,1,0,0,0,0,0,0,0
img_941_5,0,0,0,0,1,0,0,0,0,0
img_941_6,0,0,0,0,0,0,0,0,1,0
img_941_7,0,0,0,0,0,0,1,0,0,0
img_942_1,0,1,0,0,0,0,0,0,0,0
img_942_2,0,0,0,0,0,0,1,0,0,0
img_942_3,0,1,0,0,0,0,0,0,0,0
img_942_4,0,0,1,0,0,0,0,0,0,0
img_942_5,0,0,0,0,0,0,0,1,0,0
img_942_6,0,0,0,0,1,0,0,0,0,0
img_942_7,0,0,0,0,0,0,0,1,0,0
img_943_1,0,1,0,0,0,0,0,0,0,0
img_943_2,0,0,0,0,0,0,0,1,0,0
img_943_3,0,1,0,0,0,0,0,0,0,0
img_943_4,0,0,1,0,0,0,0,0,0,0
img_943_5,0,1,0,0,0,0,0,0,0,0
img_943_6,0,0,0,0,0,1,0,0,0,0
img_943_7,0,1,0,0,0,0,0,0,0,0
img_944_1,0,1,0,0,0,0,0,0,0,0
img_944_2,0,0,0,0,0,0,0,1,0,0
img_944_3,1,0,0,0,0,0,0,0,0,0
img_944_4,0,0,0,0,0,0,0,1,0,0
img_944_5,0,0,0,0,0,0,1,0,0,0
img_944_6,0,0,0,0,1,0,0,0,0,0
img_944_7,0,0,0,0,0,1,0,0,0,0
img_945_1,1,0,0,0,0,0,0,0,0,0
img_945_2,0,0,0,0,0,0,0,1,0,0
img_945_3,0,0,1,0,0,0,0,0,0,0
img_945_4,0,0,0,0,0,1,0,0,0,0
img_945_5,1,0,0,0,0,0,0,0,0,0
img_945_6,0,0,0,0,1,0,0,0,0,0
img_945_7,0,0,0,1,0,0,0,0,0,0
img_946_1,0,1,0,0,0,0,0,0,0,0
img_946_2,0,1,0,0,0,0,0,0,0,0
img_946_3,0,0,0,0,0,0,1,0,0,0
img_946_4,0,1,0,0,0,0,0,0,0,0
img_946_5,0,0,0,0,0,0,0,1,0,0
img_946_6,1,0,0,0,0,0,0,0,0,0
img_946_7,0,1,0,0,0,0,0,0,0,0
img_947_1,0,1,0,0,0,0,0,0,0,0
img_947_2,0,0,0,0,0,1,0,0,0,0
img_947_3,0,0,0,1,0,0,0,0,0,0
img_947_4,0,0,1,0,0,0,0,0,0,0
img_947_5,0,0,0,0,1,0,0,0,0,0
img_947_6,0,1,0,0,0,0,0,0,0,0
img_947_7,0,0,0,0,0,0,0,1,0,0
img_948_1,0,1,0,0,0,0,0,0,0,0
img_948_2,0,0,0,0,0,0,0,1,0,0
img_948_3,0,0,0,0,1,0,0,0,0,0
img_948_4,0,0,0,0,1,0,0,0,0,0
img_948_5,0,0,0,0,0,0,0,0,0,1
img_948_6,0,0,0,0,0,0,0,0,0,1
img_948_7,0,0,0,0,0,0,0,0,0,1
img_949_1,0,1,0,0,0,0,0,0,0,0
img_949_2,0,0,0,0,0,0,0,1,0,0
img_949_3,0,0,0,0,0,0,0,1,0,0
img_949_4,0,0,0,0,1,0,0,0,0,0
img_949_5,0,0,0,0,0,0,0,1,0,0
img_949_6,0,0,0,1,0,0,0,0,0,0
img_949_7,0,0,0,0,1,0,0,0,0,0
img_950_1,0,1,0,0,0,0,0,0,0,0
img_950_2,0,0,0,0,1,0,0,0,0,0
img_950_3,1,0,0,0,0,0,0,0,0,0
img_950_4,0,1,0,0,0,0,0,0,0,0
img_950_5,0,0,0,0,0,0,0,1,0,0
img_950_6,1,0,0,0,0,0,0,0,0,0
img_950_7,0,0,0,0,1,0,0,0,0,0
img_951_1,0,1,0,0,0,0,0,0,0,0
img_951_2,0,0,0,0,1,0,0,0,0,0
img_951_3,1,0,0,0,0,0,0,0,0,0
img_951_4,0,0,0,0,0,0,0,0,0,1
img_951_5,0,0,1,0,0,0,0,0,0,0
img_951_6,0,0,0,0,1,0,0,0,0,0
img_951_7,1,0,0,0,0,0,0,0,0,0
img_952_1,0,1,0,0,0,0,0,0,0,0
img_952_2,0,0,1,0,0,0,0,0,0,0
img_952_3,0,0,0,0,0,0,0,0,0,1
img_952_4,0,0,0,1,0,0,0,0,0,0
img_952_5,0,0,0,0,0,0,0,0,0,1
img_952_6,0,0,0,0,0,0,0,1,0,0
img_952_7,0,0,0,1,0,0,0,0,0,0
img_953_1,1,0,0,0,0,0,0,0,0,0
img_953_2,0,0,0,0,0,0,0,0,1,0
img_953_3,1,0,0,0,0,0,0,0,0,0
img_953_4,0,0,0,0,1,0,0,0,0,0
img_953_5,0,1,0,0,0,0,0,0,0,0
img_953_6,0,0,0,0,0,0,1,0,0,0
img_953_7,0,1,0,0,0,0,0,0,0,0
img_954_1,0,1,0,0,0,0,0,0,0,0
img_954_2,0,0,1,0,0,0,0,0,0,0
img_954_3,0,0,1,0,0,0,0,0,0,0
img_954_4,0,0,1,0,0,0,0,0,0,0
img_954_5,0,0,0,0,0,0,0,1,0,0
img_954_6,1,0,0,0,0,0,0,0,0,0
img_954_7,0,0,0,0,0,0,0,0,1,0
img_955_1,0,1,0,0,0,0,0,0,0,0
img_955_2,0,1,0,0,0,0,0,0,0,0
img_955_3,0,0,1,0,0,0,0,0,0,0
img_955_4,0,0,0,0,0,1,0,0,0,0
img_955_5,0,0,0,0,0,0,1,0,0,0
img_955_6,0,0,0,1,0,0,0,0,0,0
img_955_7,0,0,0,1,0,0,0,0,0,0
img_956_1,0,1,0,0,0,0,0,0,0,0
img_956_2,0,1,0,0,0,0,0,0,0,0
img_956_3,0,0,0,0,0,0,0,0,1,0
img_956_4,0,0,0,0,0,0,0,0,1,0
img_956_5,0,0,0,0,0,1,0,0,0,0
img_956_6,0,0,0,0,0,1,0,0,0,0
img_956_7,0,0,0,0,0,0,0,0,0,1
img_957_1,1,0,0,0,0,0,0,0,0,0
img_957_2,0,1,0,0,0,0,0,0,0,0
img_957_3,0,0,0,0,0,0,1,0,0,0
img_957_4,0,0,0,0,0,0,1,0,0,0
img_957_5,1,0,0,0,0,0,0,0,0,0
img_957_6,0,0,0,0,0,0,1,0,0,0
img_957_7,0,0,0,0,0,0,1,0,0,0
img_958_1,1,0,0,0,0,0,0,0,0,0
img_958_2,0,0,0,0,0,1,0,0,0,0
img_958_3,0,0,0,0,0,0,0,0,0,1
img_958_4,0,0,0,1,0,0,0,0,0,0
img_958_5,0,0,0,0,0,0,0,1,0,0
img_958_6,0,0,0,0,0,0,0,1,0,0
img_958_7,1,0,0,0,0,0,0,0,0,0
img_959_1,0,1,0,0,0,0,0,0,0,0
img_959_2,0,0,0,0,0,0,1,0,0,0
img_959_3,1,0,0,0,0,0,0,0,0,0
img_959_4,0,0,0,0,1,0,0,0,0,0
img_959_5,1,0,0,0,0,0,0,0,0,0
img_959_6,0,0,0,0,1,0,0,0,0,0
img_959_7,0,1,0,0,0,0,0,0,0,0
img_960_1,0,1,0,0,0,0,0,0,0,0
img_960_2,0,0,0,0,0,1,0,0,0,0
img_960_3,0,0,0,0,0,1,0,0,0,0
img_960_4,0,0,0,0,1,0,0,0,0,0
img_960_5,1,0,0,0,0,0,0,0,0,0
img_960_6,1,0,0,0,0,0,0,0,0,0
img_960_7,0,0,0,0,0,0,0,0,1,0
img_961_1,0,1,0,0,0,0,0,0,0,0
img_961_2,0,0,0,0,0,0,0,0,1,0
img_961_3,0,0,0,0,0,0,0,0,1,0
img_961_4,0,1,0,0,0,0,0,0,0,0
img_961_5,0,0,1,0,0,0,0,0,0,0
img_961_6,0,0,1,0,0,0,0,0,0,0
img_961_7,0,0,1,0,0,0,0,0,0,0
img_962_1,0,1,0,0,0,0,0,0,0,0
img_962_2,0,0,0,1,0,0,0,0,0,0
img_962_3,0,0,0,1,0,0,0,0,0,0
img_962_4,0,0,0,0,0,0,0,0,0,1
img_962_5,0,0,0,0,0,0,0,0,0,1
img_962_6,0,0,0,1,0,0,0,0,0,0
img_962_7,0,0,0,1,0,0,0,0,0,0
img_963_1,1,0,0,0,0,0,0,0,0,0
img_963_2,0,0,0,1,0,0,0,0,0,0
img_963_3,0,0,0,0,0,0,0,0,0,1
img_963_4,0,0,0,0,0,0,0,0,1,0
img_963_5,0,0,0,0,0,0,0,1,0,0
img_963_6,1,0,0,0,0,0,0,0,0,0
img_963_7,0,0,0,0,0,0,0,1,0,0
img_964_1,0,1,0,0,0,0,0,0,0,0
img_964_2,0,0,0,0,0,0,1,0,0,0
img_964_3,0,0,0,0,1,0,0,0,0,0
img_964_4,0,0,0,0,0,0,0,0,0,1
img_964_5,1,0,0,0,0,0,0,0,0,0
img_964_6,0,0,0,0,0,1,0,0,0,0
img_964_7,0,0,0,1,0,0,0,0,0,0
img_965_1,0,1,0,0,0,0,0,0,0,0
img_965_2,0,1,0,0,0,0,0,0,0,0
img_965_3,0,0,0,0,0,0,0,1,0,0
img_965_4,0,0,0,1,0,0,0,0,0,0
img_965_5,0,0,0,0,0,0,0,0,0,1
img_965_6,0,0,0,0,0,0,0,0,1,0
img_965_7,0,0,0,0,0,0,0,0,0,1
img_966_1,0,1,0,0,0,0,0,0,0,0
img_966_2,0,0,0,1,0,0,0,0,0,0
img_966_3,0,0,0,0,0,0,1,0,0,0
img_966_4,0,0,0,0,0,0,0,0,1,0
img_966_5,1,0,0,0,0,0,0,0,0,0
img_966_6,0,0,0,1,0,0,0,0,0,0
img_966_7,0,0,0,1,0,0,0,0,0,0
img_967_1,0,1,0,0,0,0,0,0,0,0
img_967_2,0,0,0,0,0,0,1,0,0,0
img_967_3,1,0,0,0,0,0,0,0,0,0
img_967_4,0,0,0,0,0,1,0,0,0,0
img_967_5,1,0,0,0,0,0,0,0,0,0
img_967_6,0,0,0,0,0,0,1,0,0,0
img_967_7,0,0,0,0,0,1,0,0,0,0
img_968_1,1,0,0,0,0,0,0,0,0,0
img_968_2,0,0,0,0,0,0,0,1,0,0
img_968_3,0,0,0,0,1,0,0,0,0,0
img_968_4,0,1,0,0,0,0,0,0,0,0
img_968_5,0,0,0,0,0,0,1,0,0,0
img_968_6,0,0,0,0,0,1,0,0,0,0
img_968_7,0,0,0,1,0,0,0,0,0,0
img_969_1,0,1,0,0,0,0,0,0,0,0
img_969_2,0,0,0,0,0,0,1,0,0,0
img_969_3,0,0,0,0,0,1,0,0,0,0
img_969_4,0,0,0,0,0,0,0,1,0,0
img_969_5,0,1,0,0,0,0,0,0,0,0
img_969_6,0,1,0,0,0,0,0,0,0,0
img_969_7,0,0,0,0,0,0,0,0,0,1
img_970_1,0,1,0,0,0,0,0,0,0,0
img_970_2,0,0,0,0,0,1,0,0,0,0
img_970_3,0,1,0,0,0,0,0,0,0,0
img_970_4,0,0,0,0,0,0,0,0,1,0
img_970_5,1,0,0,0,0,0,0,0,0,0
img_970_6,0,0,0,0,0,0,0,0,0,1
img_970_7,0,0,0,0,0,1,0,0,0,0
img_971_1,1,0,0,0,0,0,0,0,0,0
img_971_2,0,1,0,0,0,0,0,0,0,0
img_971_3,0,0,1,0,0,0,0,0,0,0
img_971_4,0,1,0,0,0,0,0,0,0,0
img_971_5,0,0,1,0,0,0,0,0,0,0
img_971_6,0,0,0,1,0,0,0,0,0,0
img_971_7,0,0,0,0,0,0,0,1,0,0
img_972_1,1,0,0,0,0,0,0,0,0,0
img_972_2,0,0,0,0,0,1,0,0,0,0
img_972_3,0,0,0,0,0,1,0,0,0,0
img_972_4,0,1,0,0,0,0,0,0,0,0
img_972_5,0,1,0,0,0,0,0,0,0,0
img_972_6,1,0,0,0,0,0,0,0,0,0
img_972_7,0,0,0,0,0,0,1,0,0,0
img_973_1,0,1,0,0,0,0,0,0,0,0
img_973_2,0,1,0,0,0,0,0,0,0,0
img_973_3,0,0,1,0,0,0,0,0,0,0
img_973_4,0,0,0,0,0,0,1,0,0,0
img_973_5,0,0,0,0,0,0,0,0,0,1
img_973_6,0,0,0,0,0,0,0,0,1,0
img_973_7,0,0,0,0,0,0,0,0,0,1
img_974_1,1,0,0,0,0,0,0,0,0,0
img_974_2,0,0,0,1,0,0,0,0,0,0
img_974_3,0,0,0,0,0,0,0,1,0,0
img_974_4,0,0,0,1,0,0,0,0,0,0
img_974_5,0,0,0,0,0,0,0,0,1,0
img_974_6,0,1,0,0,0,0,0,0,0,0
img_974_7,0,0,0,0,0,0,0,0,0,1
img_975_1,1,0,0,0,0,0,0,0,0,0
img_975_2,0,0,0,0,0,0,0,0,1,0
img_975_3,0,0,0,0,0,0,0,0,1,0
img_975_4,0,0,0,0,0,0,0,1,0,0
img_975_5,0,0,0,0,0,0,0,1,0,0
img_975_6,1,0,0,0,0,0,0,0,0,0
img_975_7,0,0,0,1,0,0,0,0,0,0
img_976_1,0,1,0,0,0,0,0,0,0,0
img_976_2,0,1,0,0,0,0,0,0,0,0
img_976_3,1,0,0,0,0,0,0,0,0,0
img_976_4,0,0,0,1,0,0,0,0,0,0
img_976_5,0,0,0,0,0,1,0,0,0,0
img_976_6,0,1,0,0,0,0,0,0,0,0
img_976_7,0,0,0,0,0,0,0,1,0,0
img_977_1,0,1,0,0,0,0,0,0,0,0
img_977_2,0,0,0,0,0,0,0,1,0,0
img_977_3,0,0,0,0,0,0,0,0,0,1
img_977_4,0,0,0,0,0,0,0,1,0,0
img_977_5,0,1,0,0,0,0,0,0,0,0
img_977_6,0,0,1,0,0,0,0,0,0,0
img_977_7,0,0,0,0,0,0,0,0,0,1
img_978_1,1,0,0,0,0,0,0,0,0,0
img_978_2,0,0,0,0,0,0,0,0,1,0
img_978_3,0,0,0,1,0,0,0,0,0,0
img_978_4,0,1,0,0,0,0,0,0,0,0
img_978_5,0,0,0,0,0,0,0,0,1,0
img_978_6,0,1,0,0,0,0,0,0,0,0
img_978_7,0,0,1,0,0,0,0,0,0,0
img_979_1,0,1,0,0,0,0,0,0,0,0
img_979_2,0,0,0,0,1,0,0,0,0,0
img_979_3,0,0,0,0,0,1,0,0,0,0
img_979_4,0,0,0,0,0,0,0,0,0,1
img_979_5,0,1,0,0,0,0,0,0,0,0
img_979_6,0,0,1,0,0,0,0,0,0,0
img_979_7,0,0,0,0,0,0,0,0,1,0
img_981_1,1,0,0,0,0,0,0,0,0,0
img_981_2,0,0,0,0,0,1,0,0,0,0
img_981_3,0,0,0,1,0,0,0,0,0,0
img_981_4,0,0,0,0,0,0,0,0,1,0
img_981_5,0,0,0,0,0,0,0,1,0,0
img_981_6,0,0,1,0,0,0,0,0,0,0
img_981_7,0,0,0,1,0,0,0,0,0,0
img_982_1,1,0,0,0,0,0,0,0,0,0
img_982_2,0,1,0,0,0,0,0,0,0,0
img_982_3,0,0,0,1,0,0,0,0,0,0
img_982_4,0,0,1,0,0,0,0,0,0,0
img_982_5,0,0,0,0,0,0,0,0,1,0
img_982_6,0,0,1,0,0,0,0,0,0,0
img_982_7,1,0,0,0,0,0,0,0,0,0
img_983_1,0,1,0,0,0,0,0,0,0,0
img_983_2,0,0,0,0,0,0,0,0,1,0
img_983_3,0,0,0,0,0,0,0,0,1,0
img_983_4,0,0,0,0,0,0,0,1,0,0
img_983_5,1,0,0,0,0,0,0,0,0,0
img_983_6,0,0,0,0,0,0,0,0,1,0
img_983_7,0,0,0,1,0,0,0,0,0,0
img_984_1,0,1,0,0,0,0,0,0,0,0
img_984_2,0,0,0,0,1,0,0,0,0,0
img_984_3,0,0,0,0,1,0,0,0,0,0
img_984_4,0,0,1,0,0,0,0,0,0,0
img_984_5,1,0,0,0,0,0,0,0,0,0
img_984_6,0,0,0,0,0,0,0,0,1,0
img_984_7,0,1,0,0,0,0,0,0,0,0
img_985_1,1,0,0,0,0,0,0,0,0,0
img_985_2,0,0,0,0,0,0,0,0,1,0
img_985_3,0,0,0,0,0,0,0,0,1,0
img_985_4,0,0,1,0,0,0,0,0,0,0
img_985_5,0,0,0,1,0,0,0,0,0,0
img_985_6,0,0,0,0,0,0,0,0,1,0
img_985_7,0,0,1,0,0,0,0,0,0,0
img_986_1,1,0,0,0,0,0,0,0,0,0
img_986_2,0,0,0,0,0,0,0,0,1,0
img_986_3,0,0,0,0,0,0,0,1,0,0
img_986_4,0,0,0,0,0,0,0,0,1,0
img_986_5,0,1,0,0,0,0,0,0,0,0
img_986_6,0,0,0,0,0,0,0,1,0,0
img_986_7,0,0,0,0,0,0,0,0,0,1
img_987_1,0,1,0,0,0,0,0,0,0,0
img_987_2,0,0,0,1,0,0,0,0,0,0
img_987_3,0,0,0,0,0,1,0,0,0,0
img_987_4,0,0,0,0,1,0,0,0,0,0
img_987_5,0,0,0,0,0,0,0,1,0,0
img_987_6,0,1,0,0,0,0,0,0,0,0
img_987_7,0,0,0,0,0,0,1,0,0,0
img_988_1,0,1,0,0,0,0,0,0,0,0
img_988_2,0,0,0,1,0,0,0,0,0,0
img_988_3,0,1,0,0,0,0,0,0,0,0
img_988_4,0,0,0,0,0,0,0,0,0,1
img_988_5,0,0,0,0,0,0,0,0,0,1
img_988_6,0,0,0,0,0,0,0,0,0,1
img_988_7,0,0,0,0,0,0,1,0,0,0
img_989_1,1,0,0,0,0,0,0,0,0,0
img_989_2,0,1,0,0,0,0,0,0,0,0
img_989_3,0,1,0,0,0,0,0,0,0,0
img_989_4,0,0,0,0,1,0,0,0,0,0
img_989_5,0,0,1,0,0,0,0,0,0,0
img_989_6,0,0,0,1,0,0,0,0,0,0
img_989_7,0,0,0,0,0,0,0,0,0,1
img_990_1,0,1,0,0,0,0,0,0,0,0
img_990_2,0,0,0,1,0,0,0,0,0,0
img_990_3,0,0,0,0,0,1,0,0,0,0
img_990_4,0,0,0,0,0,1,0,0,0,0
img_990_5,0,0,0,1,0,0,0,0,0,0
img_990_6,0,0,0,1,0,0,0,0,0,0
img_990_7,0,0,1,0,0,0,0,0,0,0
img_991_1,1,0,0,0,0,0,0,0,0,0
img_991_2,0,1,0,0,0,0,0,0,0,0
img_991_3,0,0,0,0,0,0,0,0,1,0
img_991_4,0,0,0,0,0,0,0,0,1,0
img_991_5,0,0,0,0,0,1,0,0,0,0
img_991_6,0,0,0,0,1,0,0,0,0,0
img_991_7,0,0,0,1,0,0,0,0,0,0
img_992_1,0,1,0,0,0,0,0,0,0,0
img_992_2,0,0,0,0,0,0,1,0,0,0
img_992_3,0,0,0,0,0,0,0,0,0,1
img_992_4,0,0,0,0,0,1,0,0,0,0
img_992_5,0,0,0,0,0,0,0,0,0,1
img_992_6,0,0,0,0,0,0,0,1,0,0
img_992_7,0,0,0,1,0,0,0,0,0,0
img_993_1,0,1,0,0,0,0,0,0,0,0
img_993_2,1,0,0,0,0,0,0,0,0,0
img_993_3,0,0,0,0,0,0,0,0,0,1
img_993_4,0,0,0,0,0,1,0,0,0,0
img_993_5,0,0,0,1,0,0,0,0,0,0
img_993_6,0,0,1,0,0,0,0,0,0,0
img_993_7,0,0,0,0,1,0,0,0,0,0
img_994_1,0,1,0,0,0,0,0,0,0,0
img_994_2,0,0,1,0,0,0,0,0,0,0
img_994_3,0,0,0,0,0,1,0,0,0,0
img_994_4,0,0,0,0,0,0,0,0,1,0
img_994_5,0,0,0,0,0,1,0,0,0,0
img_994_6,0,0,0,0,0,0,0,0,1,0
img_994_7,0,0,0,1,0,0,0,0,0,0
img_995_1,1,0,0,0,0,0,0,0,0,0
img_995_2,0,0,0,0,0,0,0,0,1,0
img_995_3,0,0,0,0,1,0,0,0,0,0
img_995_4,0,1,0,0,0,0,0,0,0,0
img_995_5,0,1,0,0,0,0,0,0,0,0
img_995_6,1,0,0,0,0,0,0,0,0,0
img_995_7,0,0,0,0,1,0,0,0,0,0
img_996_1,0,1,0,0,0,0,0,0,0,0
img_996_2,0,0,0,1,0,0,0,0,0,0
img_996_3,0,0,0,0,0,0,0,0,1,0
img_996_4,0,0,0,0,0,0,1,0,0,0
img_996_5,0,0,0,0,1,0,0,0,0,0
img_996_6,1,0,0,0,0,0,0,0,0,0
img_996_7,0,0,0,0,0,0,0,0,0,1
img_997_1,0,1,0,0,0,0,0,0,0,0
img_997_2,0,0,0,0,0,0,1,0,0,0
img_997_3,0,0,0,0,0,1,0,0,0,0
img_997_4,0,0,0,0,0,0,0,1,0,0
img_997_5,0,0,0,0,0,0,0,0,1,0
img_997_6,0,0,0,0,0,0,0,1,0,0
img_997_7,0,0,0,0,0,0,0,0,1,0
img_998_1,1,0,0,0,0,0,0,0,0,0
img_998_2,0,0,0,0,0,0,0,0,1,0
img_998_3,0,1,0,0,0,0,0,0,0,0
img_998_4,0,0,0,0,0,0,0,0,0,1
img_998_5,1,0,0,0,0,0,0,0,0,0
img_998_6,0,0,0,0,0,0,1,0,0,0
img_998_7,0,0,1,0,0,0,0,0,0,0
img_999_1,0,1,0,0,0,0,0,0,0,0
img_999_2,0,0,0,1,0,0,0,0,0,0
img_999_3,0,1,0,0,0,0,0,0,0,0
img_999_4,0,1,0,0,0,0,0,0,0,0
img_999_5,0,0,0,1,0,0,0,0,0,0
img_999_6,0,0,0,0,1,0,0,0,0,0
img_999_7,0,0,0,1,0,0,0,0,0,0
img_1000_1,1,0,0,0,0,0,0,0,0,0
img_1000_2,1,0,0,0,0,0,0,0,0,0
img_1000_3,0,0,0,0,0,0,0,0,0,1
img_1000_4,0,0,0,0,1,0,0,0,0,0
img_1000_5,0,0,0,0,0,1,0,0,0,0
img_1000_6,0,0,0,0,0,0,0,1,0,0
img_1000_7,0,0,0,1,0,0,0,0,0,0
img_1001_1,0,1,0,0,0,0,0,0,0,0
img_1001_2,0,0,0,0,0,0,0,1,0,0
img_1001_3,0,0,0,1,0,0,0,0,0,0
img_1001_4,0,0,0,0,0,0,0,0,0,1
img_1001_5,0,1,0,0,0,0,0,0,0,0
img_1001_6,0,1,0,0,0,0,0,0,0,0
img_1001_7,0,0,0,0,0,0,1,0,0,0
img_1002_1,1,0,0,0,0,0,0,0,0,0
img_1002_2,0,0,0,0,0,0,0,1,0,0
img_1002_3,0,1,0,0,0,0,0,0,0,0
img_1002_4,0,1,0,0,0,0,0,0,0,0
img_1002_5,0,0,0,0,0,1,0,0,0,0
img_1002_6,0,0,1,0,0,0,0,0,0,0
img_1002_7,0,0,0,0,1,0,0,0,0,0
img_1003_1,1,0,0,0,0,0,0,0,0,0
img_1003_2,0,0,0,0,0,0,0,0,0,1
img_1003_3,0,0,1,0,0,0,0,0,0,0
img_1003_4,0,0,0,1,0,0,0,0,0,0
img_1003_5,0,0,0,0,0,0,0,0,1,0
img_1003_6,0,0,0,0,1,0,0,0,0,0
img_1003_7,0,0,0,0,0,0,0,0,0,1
img_1004_1,1,0,0,0,0,0,0,0,0,0
img_1004_2,0,0,0,0,0,0,0,1,0,0
img_1004_3,0,0,0,0,0,0,1,0,0,0
img_1004_4,0,0,1,0,0,0,0,0,0,0
img_1004_5,0,0,0,0,0,0,0,1,0,0
img_1004_6,0,1,0,0,0,0,0,0,0,0
img_1004_7,0,0,1,0,0,0,0,0,0,0
img_1005_1,0,1,0,0,0,0,0,0,0,0
img_1005_2,0,0,0,0,0,0,0,0,0,1
img_1005_3,0,1,0,0,0,0,0,0,0,0
img_1005_4,0,0,0,0,0,0,0,0,0,1
img_1005_5,0,0,0,0,0,1,0,0,0,0
img_1005_6,0,0,0,0,0,1,0,0,0,0
img_1005_7,0,0,0,0,0,0,0,0,1,0
img_1006_1,1,0,0,0,0,0,0,0,0,0
img_1006_2,0,1,0,0,0,0,0,0,0,0
img_1006_3,0,0,0,0,0,0,0,0,1,0
img_1006_4,1,0,0,0,0,0,0,0,0,0
img_1006_5,0,0,1,0,0,0,0,0,0,0
img_1006_6,0,0,1,0,0,0,0,0,0,0
img_1006_7,0,0,0,0,0,0,0,0,1,0
img_1007_1,0,1,0,0,0,0,0,0,0,0
img_1007_2,0,0,0,1,0,0,0,0,0,0
img_1007_3,0,0,0,0,0,0,0,0,1,0
img_1007_4,0,0,0,0,0,0,1,0,0,0
img_1007_5,1,0,0,0,0,0,0,0,0,0
img_1007_6,0,0,0,0,0,0,0,1,0,0
img_1007_7,1,0,0,0,0,0,0,0,0,0
img_1008_1,0,1,0,0,0,0,0,0,0,0
img_1008_2,1,0,0,0,0,0,0,0,0,0
img_1008_3,0,0,0,0,1,0,0,0,0,0
img_1008_4,0,0,0,0,0,0,0,0,0,1
img_1008_5,0,0,0,0,1,0,0,0,0,0
img_1008_6,0,1,0,0,0,0,0,0,0,0
img_1008_7,0,0,0,0,0,0,1,0,0,0
img_1009_1,1,0,0,0,0,0,0,0,0,0
img_1009_2,0,0,1,0,0,0,0,0,0,0
img_1009_3,0,0,0,0,1,0,0,0,0,0
img_1009_4,0,1,0,0,0,0,0,0,0,0
img_1009_5,0,0,0,1,0,0,0,0,0,0
img_1009_6,0,0,0,0,0,0,0,0,0,1
img_1009_7,0,0,0,0,0,0,0,0,1,0
img_1010_1,0,1,0,0,0,0,0,0,0,0
img_1010_2,0,1,0,0,0,0,0,0,0,0
img_1010_3,0,0,1,0,0,0,0,0,0,0
img_1010_4,0,0,1,0,0,0,0,0,0,0
img_1010_5,1,0,0,0,0,0,0,0,0,0
img_1010_6,0,1,0,0,0,0,0,0,0,0
img_1010_7,1,0,0,0,0,0,0,0,0,0
img_1011_1,0,1,0,0,0,0,0,0,0,0
img_1011_2,0,0,0,0,0,0,0,1,0,0
img_1011_3,0,0,0,0,0,1,0,0,0,0
img_1011_4,0,0,1,0,0,0,0,0,0,0
img_1011_5,0,0,0,0,1,0,0,0,0,0
img_1011_6,0,0,0,0,0,1,0,0,0,0
img_1011_7,0,0,1,0,0,0,0,0,0,0
img_1012_1,0,1,0,0,0,0,0,0,0,0
img_1012_2,0,0,0,0,1,0,0,0,0,0
img_1012_3,0,0,0,1,0,0,0,0,0,0
img_1012_4,0,0,0,0,1,0,0,0,0,0
img_1012_5,0,0,0,1,0,0,0,0,0,0
img_1012_6,0,0,0,0,1,0,0,0,0,0
img_1012_7,0,0,0,0,0,0,0,0,0,1
img_1013_1,1,0,0,0,0,0,0,0,0,0
img_1013_2,0,0,0,0,0,0,0,1,0,0
img_1013_3,1,0,0,0,0,0,0,0,0,0
img_1013_4,0,0,0,0,0,0,0,0,1,0
img_1013_5,0,0,0,0,0,0,1,0,0,0
img_1013_6,0,0,0,0,1,0,0,0,0,0
img_1013_7,0,0,0,0,0,0,0,0,1,0
img_1014_1,0,1,0,0,0,0,0,0,0,0
img_1014_2,0,0,0,0,1,0,0,0,0,0
img_1014_3,0,0,0,0,0,0,0,0,0,1
img_1014_4,0,1,0,0,0,0,0,0,0,0
img_1014_5,0,0,0,1,0,0,0,0,0,0
img_1014_6,0,0,0,1,0,0,0,0,0,0
img_1014_7,0,0,1,0,0,0,0,0,0,0
img_1015_1,1,0,0,0,0,0,0,0,0,0
img_1015_2,0,0,0,0,0,0,0,0,0,1
img_1015_3,0,0,0,0,0,0,1,0,0,0
img_1015_4,0,0,0,0,0,0,0,1,0,0
img_1015_5,0,0,0,1,0,0,0,0,0,0
img_1015_6,1,0,0,0,0,0,0,0,0,0
img_1015_7,0,0,0,0,1,0,0,0,0,0
img_1016_1,0,1,0,0,0,0,0,0,0,0
img_1016_2,0,0,0,0,1,0,0,0,0,0
img_1016_3,0,0,0,1,0,0,0,0,0,0
img_1016_4,0,0,0,0,1,0,0,0,0,0
img_1016_5,0,0,0,0,0,0,0,1,0,0
img_1016_6,0,0,0,0,0,0,0,0,0,1
img_1016_7,1,0,0,0,0,0,0,0,0,0
img_1017_1,0,1,0,0,0,0,0,0,0,0
img_1017_2,0,0,0,0,0,0,0,0,1,0
img_1017_3,0,0,1,0,0,0,0,0,0,0
img_1017_4,0,0,0,0,0,0,1,0,0,0
img_1017_5,0,1,0,0,0,0,0,0,0,0
img_1017_6,0,0,0,0,1,0,0,0,0,0
img_1017_7,0,0,0,0,0,0,0,0,0,1
img_1018_1,1,0,0,0,0,0,0,0,0,0
img_1018_2,0,0,0,0,0,0,0,0,1,0
img_1018_3,0,0,0,0,0,0,0,0,0,1
img_1018_4,0,0,0,0,0,0,1,0,0,0
img_1018_5,0,0,0,0,1,0,0,0,0,0
img_1018_6,0,0,0,0,0,0,0,0,1,0
img_1018_7,0,0,0,0,0,0,1,0,0,0
img_1019_1,0,1,0,0,0,0,0,0,0,0
img_1019_2,0,0,0,0,0,1,0,0,0,0
img_1019_3,0,0,0,0,0,0,1,0,0,0
img_1019_4,0,0,1,0,0,0,0,0,0,0
img_1019_5,0,0,0,0,0,0,0,0,1,0
img_1019_6,0,0,0,1,0,0,0,0,0,0
img_1019_7,0,0,0,0,0,0,0,0,1,0
img_1020_1,1,0,0,0,0,0,0,0,0,0
img_1020_2,0,0,0,0,0,0,0,0,0,1
img_1020_3,0,0,0,1,0,0,0,0,0,0
img_1020_4,0,0,1,0,0,0,0,0,0,0
img_1020_5,0,0,0,0,0,1,0,0,0,0
img_1020_6,0,0,0,0,0,0,0,1,0,0
img_1020_7,0,0,0,0,0,0,0,0,1,0
img_1021_1,0,1,0,0,0,0,0,0,0,0
img_1021_2,1,0,0,0,0,0,0,0,0,0
img_1021_3,0,0,0,0,0,1,0,0,0,0
img_1021_4,0,0,0,0,0,0,0,0,0,1
img_1021_5,0,0,0,0,0,0,1,0,0,0
img_1021_6,0,0,0,0,0,0,0,0,0,1
img_1021_7,0,0,0,0,0,0,0,0,0,1
img_1022_1,0,1,0,0,0,0,0,0,0,0
img_1022_2,0,0,0,0,0,1,0,0,0,0
img_1022_3,0,1,0,0,0,0,0,0,0,0
img_1022_4,0,0,0,0,0,0,0,0,1,0
img_1022_5,1,0,0,0,0,0,0,0,0,0
img_1022_6,0,0,0,0,0,0,0,0,0,1
img_1022_7,0,0,0,0,0,1,0,0,0,0
img_1023_1,1,0,0,0,0,0,0,0,0,0
img_1023_2,0,1,0,0,0,0,0,0,0,0
img_1023_3,1,0,0,0,0,0,0,0,0,0
img_1023_4,1,0,0,0,0,0,0,0,0,0
img_1023_5,0,0,0,0,0,0,1,0,0,0
img_1023_6,0,0,0,0,0,1,0,0,0,0
img_1023_7,1,0,0,0,0,0,0,0,0,0
img_1024_1,0,1,0,0,0,0,0,0,0,0
img_1024_2,0,0,0,0,1,0,0,0,0,0
img_1024_3,1,0,0,0,0,0,0,0,0,0
img_1024_4,0,0,0,0,0,1,0,0,0,0
img_1024_5,0,0,0,0,0,1,0,0,0,0
img_1024_6,0,0,0,0,0,0,0,1,0,0
img_1024_7,0,0,0,1,0,0,0,0,0,0
img_1025_1,0,1,0,0,0,0,0,0,0,0
img_1025_2,0,0,0,0,0,1,0,0,0,0
img_1025_3,0,0,0,1,0,0,0,0,0,0
img_1025_4,0,0,0,0,0,0,0,0,0,1
img_1025_5,0,0,0,0,1,0,0,0,0,0
img_1025_6,0,0,0,1,0,0,0,0,0,0
img_1025_7,0,0,0,0,0,0,0,0,1,0
img_1026_1,0,1,0,0,0,0,0,0,0,0
img_1026_2,0,1,0,0,0,0,0,0,0,0
img_1026_3,0,0,0,0,0,0,1,0,0,0
img_1026_4,0,0,0,1,0,0,0,0,0,0
img_1026_5,0,0,0,0,0,0,1,0,0,0
img_1026_6,0,0,0,0,0,0,1,0,0,0
img_1026_7,0,0,0,0,0,0,0,0,1,0
img_1027_1,0,1,0,0,0,0,0,0,0,0
img_1027_2,0,0,0,0,0,1,0,0,0,0
img_1027_3,0,0,0,1,0,0,0,0,0,0
img_1027_4,0,0,0,0,0,0,0,0,1,0
img_1027_5,0,0,0,0,0,0,0,0,0,1
img_1027_6,0,0,0,0,0,1,0,0,0,0
img_1027_7,0,0,0,0,0,0,0,0,0,1
img_1028_1,0,1,0,0,0,0,0,0,0,0
img_1028_2,0,1,0,0,0,0,0,0,0,0
img_1028_3,1,0,0,0,0,0,0,0,0,0
img_1028_4,0,0,0,0,0,1,0,0,0,0
img_1028_5,0,0,0,1,0,0,0,0,0,0
img_1028_6,0,0,0,0,0,0,0,0,0,1
img_1028_7,1,0,0,0,0,0,0,0,0,0
img_1029_1,0,1,0,0,0,0,0,0,0,0
img_1029_2,0,0,0,0,1,0,0,0,0,0
img_1029_3,0,0,0,0,0,1,0,0,0,0
img_1029_4,0,1,0,0,0,0,0,0,0,0
img_1029_5,1,0,0,0,0,0,0,0,0,0
img_1029_6,0,0,0,0,0,0,0,0,0,1
img_1029_7,0,0,0,1,0,0,0,0,0,0
img_1030_1,1,0,0,0,0,0,0,0,0,0
img_1030_2,0,1,0,0,0,0,0,0,0,0
img_1030_3,0,0,0,0,0,1,0,0,0,0
img_1030_4,0,0,0,0,0,0,1,0,0,0
img_1030_5,0,0,0,0,0,0,0,0,1,0
img_1030_6,0,0,0,0,0,0,1,0,0,0
img_1030_7,0,0,0,0,1,0,0,0,0,0
img_1031_1,0,1,0,0,0,0,0,0,0,0
img_1031_2,0,0,0,0,0,0,0,0,1,0
img_1031_3,0,1,0,0,0,0,0,0,0,0
img_1031_4,0,0,0,0,0,0,0,0,0,1
img_1031_5,0,0,0,0,0,0,1,0,0,0
img_1031_6,0,0,0,0,0,1,0,0,0,0
img_1031_7,0,0,0,0,0,0,1,0,0,0
img_1032_1,1,0,0,0,0,0,0,0,0,0
img_1032_2,0,0,0,0,0,0,1,0,0,0
img_1032_3,0,0,0,1,0,0,0,0,0,0
img_1032_4,0,0,0,0,0,0,0,0,1,0
img_1032_5,0,0,0,1,0,0,0,0,0,0
img_1032_6,0,1,0,0,0,0,0,0,0,0
img_1032_7,0,0,0,0,0,0,0,1,0,0
img_1033_1,0,1,0,0,0,0,0,0,0,0
img_1033_2,0,0,0,1,0,0,0,0,0,0
img_1033_3,0,1,0,0,0,0,0,0,0,0
img_1033_4,0,0,0,0,0,0,0,1,0,0
img_1033_5,1,0,0,0,0,0,0,0,0,0
img_1033_6,0,0,0,1,0,0,0,0,0,0
img_1033_7,0,0,0,1,0,0,0,0,0,0
img_1034_1,0,1,0,0,0,0,0,0,0,0
img_1034_2,0,1,0,0,0,0,0,0,0,0
img_1034_3,0,0,0,0,0,0,0,0,0,1
img_1034_4,0,0,1,0,0,0,0,0,0,0
img_1034_5,0,1,0,0,0,0,0,0,0,0
img_1034_6,0,0,1,0,0,0,0,0,0,0
img_1034_7,0,0,0,1,0,0,0,0,0,0
img_1035_1,0,1,0,0,0,0,0,0,0,0
img_1035_2,0,1,0,0,0,0,0,0,0,0
img_1035_3,0,0,0,0,0,0,1,0,0,0
img_1035_4,0,0,1,0,0,0,0,0,0,0
img_1035_5,0,0,0,0,0,0,0,1,0,0
img_1035_6,0,0,0,0,0,0,1,0,0,0
img_1035_7,0,0,0,0,0,0,0,0,1,0
img_1036_1,1,0,0,0,0,0,0,0,0,0
img_1036_2,0,0,0,0,0,0,0,0,1,0
img_1036_3,0,0,0,0,0,0,0,1,0,0
img_1036_4,0,0,0,0,0,0,0,1,0,0
img_1036_5,0,0,0,1,0,0,0,0,0,0
img_1036_6,0,0,0,0,0,0,1,0,0,0
img_1036_7,0,0,0,0,0,0,0,0,0,1
img_1037_1,1,0,0,0,0,0,0,0,0,0
img_1037_2,0,0,0,0,0,0,1,0,0,0
img_1037_3,0,0,1,0,0,0,0,0,0,0
img_1037_4,0,0,0,0,0,0,0,0,0,1
img_1037_5,0,0,0,0,0,0,1,0,0,0
img_1037_6,0,0,0,0,1,0,0,0,0,0
img_1037_7,1,0,0,0,0,0,0,0,0,0
img_1038_1,0,1,0,0,0,0,0,0,0,0
img_1038_2,0,0,0,0,0,0,1,0,0,0
img_1038_3,1,0,0,0,0,0,0,0,0,0
img_1038_4,0,0,0,0,1,0,0,0,0,0
img_1038_5,1,0,0,0,0,0,0,0,0,0
img_1038_6,0,0,0,0,1,0,0,0,0,0
img_1038_7,0,1,0,0,0,0,0,0,0,0
img_1039_1,1,0,0,0,0,0,0,0,0,0
img_1039_2,0,1,0,0,0,0,0,0,0,0
img_1039_3,0,0,0,0,1,0,0,0,0,0
img_1039_4,1,0,0,0,0,0,0,0,0,0
img_1039_5,0,0,0,0,0,0,1,0,0,0
img_1039_6,0,0,0,0,0,1,0,0,0,0
img_1039_7,0,0,0,0,0,0,0,0,0,1
img_1040_1,1,0,0,0,0,0,0,0,0,0
img_1040_2,0,0,0,0,0,0,0,0,0,1
img_1040_3,0,0,0,0,0,0,1,0,0,0
img_1040_4,0,0,0,1,0,0,0,0,0,0
img_1040_5,0,0,0,0,0,0,0,1,0,0
img_1040_6,0,0,0,1,0,0,0,0,0,0
img_1040_7,0,0,0,0,1,0,0,0,0,0
img_1041_1,1,0,0,0,0,0,0,0,0,0
img_1041_2,0,0,0,0,0,0,1,0,0,0
img_1041_3,0,0,1,0,0,0,0,0,0,0
img_1041_4,0,0,0,0,0,0,1,0,0,0
img_1041_5,0,0,0,0,0,1,0,0,0,0
img_1041_6,0,0,0,0,0,0,1,0,0,0
img_1041_7,0,0,0,0,0,0,0,0,0,1
img_1042_1,0,1,0,0,0,0,0,0,0,0
img_1042_2,0,0,0,1,0,0,0,0,0,0
img_1042_3,0,0,0,0,1,0,0,0,0,0
img_1042_4,0,0,0,0,1,0,0,0,0,0
img_1042_5,0,0,0,0,1,0,0,0,0,0
img_1042_6,0,1,0,0,0,0,0,0,0,0
img_1042_7,0,0,0,1,0,0,0,0,0,0
img_1043_1,0,1,0,0,0,0,0,0,0,0
img_1043_2,0,0,0,1,0,0,0,0,0,0
img_1043_3,0,0,0,0,0,1,0,0,0,0
img_1043_4,0,0,0,0,0,1,0,0,0,0
img_1043_5,0,0,0,0,0,0,0,0,0,1
img_1043_6,1,0,0,0,0,0,0,0,0,0
img_1043_7,0,0,0,0,0,0,1,0,0,0
img_1044_1,1,0,0,0,0,0,0,0,0,0
img_1044_2,0,0,0,0,0,0,1,0,0,0
img_1044_3,0,0,0,0,0,0,0,0,1,0
img_1044_4,0,0,1,0,0,0,0,0,0,0
img_1044_5,0,0,1,0,0,0,0,0,0,0
img_1044_6,1,0,0,0,0,0,0,0,0,0
img_1044_7,0,0,1,0,0,0,0,0,0,0
img_1045_1,1,0,0,0,0,0,0,0,0,0
img_1045_2,0,0,0,0,0,0,1,0,0,0
img_1045_3,0,0,1,0,0,0,0,0,0,0
img_1045_4,0,0,0,0,0,0,0,0,0,1
img_1045_5,0,0,0,0,0,0,0,1,0,0
img_1045_6,0,0,0,1,0,0,0,0,0,0
img_1045_7,0,0,0,0,1,0,0,0,0,0
img_1046_1,0,1,0,0,0,0,0,0,0,0
img_1046_2,0,0,0,0,0,0,0,0,1,0
img_1046_3,0,1,0,0,0,0,0,0,0,0
img_1046_4,0,0,0,1,0,0,0,0,0,0
img_1046_5,0,0,0,0,0,0,1,0,0,0
img_1046_6,0,0,0,0,0,0,0,0,0,1
img_1046_7,1,0,0,0,0,0,0,0,0,0
img_1047_1,0,1,0,0,0,0,0,0,0,0
img_1047_2,0,0,0,0,0,0,0,0,1,0
img_1047_3,0,0,0,0,0,0,0,0,1,0
img_1047_4,0,0,0,0,0,0,0,0,1,0
img_1047_5,0,0,0,0,0,0,1,0,0,0
img_1047_6,0,0,0,0,0,0,0,1,0,0
img_1047_7,0,0,0,0,0,0,0,1,0,0
img_1048_1,1,0,0,0,0,0,0,0,0,0
img_1048_2,0,1,0,0,0,0,0,0,0,0
img_1048_3,0,0,0,0,0,0,0,0,0,1
img_1048_4,0,0,0,0,1,0,0,0,0,0
img_1048_5,0,0,0,0,0,0,0,1,0,0
img_1048_6,0,0,0,1,0,0,0,0,0,0
img_1048_7,0,0,0,0,0,1,0,0,0,0
img_1049_1,0,1,0,0,0,0,0,0,0,0
img_1049_2,1,0,0,0,0,0,0,0,0,0
img_1049_3,0,0,0,0,0,0,0,0,1,0
img_1049_4,0,0,0,0,0,1,0,0,0,0
img_1049_5,0,0,0,1,0,0,0,0,0,0
img_1049_6,0,0,0,1,0,0,0,0,0,0
img_1049_7,0,0,0,1,0,0,0,0,0,0
img_1050_1,0,1,0,0,0,0,0,0,0,0
img_1050_2,0,0,0,1,0,0,0,0,0,0
img_1050_3,0,0,0,0,0,0,0,0,1,0
img_1050_4,0,1,0,0,0,0,0,0,0,0
img_1050_5,0,0,0,0,0,0,0,1,0,0
img_1050_6,0,0,0,0,0,0,1,0,0,0
img_1050_7,0,0,0,0,0,0,0,0,0,1
img_1051_1,1,0,0,0,0,0,0,0,0,0
img_1051_2,0,0,0,0,0,0,0,0,0,1
img_1051_3,0,1,0,0,0,0,0,0,0,0
img_1051_4,0,0,0,0,1,0,0,0,0,0
img_1051_5,0,0,1,0,0,0,0,0,0,0
img_1051_6,0,0,0,0,0,0,0,0,0,1
img_1051_7,0,0,0,1,0,0,0,0,0,0
img_1052_1,0,1,0,0,0,0,0,0,0,0
img_1052_2,0,1,0,0,0,0,0,0,0,0
img_1052_3,0,0,0,0,0,1,0,0,0,0
img_1052_4,0,0,0,0,0,0,0,0,1,0
img_1052_5,0,0,0,1,0,0,0,0,0,0
img_1052_6,0,0,0,0,1,0,0,0,0,0
img_1052_7,1,0,0,0,0,0,0,0,0,0
img_1053_1,1,0,0,0,0,0,0,0,0,0
img_1053_2,0,0,0,0,0,0,0,0,0,1
img_1053_3,1,0,0,0,0,0,0,0,0,0
img_1053_4,0,0,0,0,0,0,0,0,0,1
img_1053_5,0,0,0,0,0,0,0,0,1,0
img_1053_6,0,0,0,0,1,0,0,0,0,0
img_1053_7,0,0,0,0,0,0,0,0,1,0
img_1054_1,0,1,0,0,0,0,0,0,0,0
img_1054_2,0,0,1,0,0,0,0,0,0,0
img_1054_3,0,0,1,0,0,0,0,0,0,0
img_1054_4,0,0,1,0,0,0,0,0,0,0
img_1054_5,0,1,0,0,0,0,0,0,0,0
img_1054_6,0,0,0,0,0,0,0,1,0,0
img_1054_7,0,1,0,0,0,0,0,0,0,0
img_1055_1,1,0,0,0,0,0,0,0,0,0
img_1055_2,0,0,0,0,0,0,0,1,0,0
img_1055_3,0,0,0,0,0,0,1,0,0,0
img_1055_4,0,0,1,0,0,0,0,0,0,0
img_1055_5,0,0,0,0,0,0,0,1,0,0
img_1055_6,0,1,0,0,0,0,0,0,0,0
img_1055_7,0,0,0,0,1,0,0,0,0,0
img_1056_1,0,1,0,0,0,0,0,0,0,0
img_1056_2,0,0,0,0,0,0,1,0,0,0
img_1056_3,0,0,0,0,0,0,0,1,0,0
img_1056_4,0,0,0,0,0,1,0,0,0,0
img_1056_5,0,0,1,0,0,0,0,0,0,0
img_1056_6,0,0,0,0,0,1,0,0,0,0
img_1056_7,0,0,0,0,0,0,0,1,0,0
img_1057_1,0,1,0,0,0,0,0,0,0,0
img_1057_2,0,0,0,1,0,0,0,0,0,0
img_1057_3,0,0,0,0,0,1,0,0,0,0
img_1057_4,0,0,0,0,0,1,0,0,0,0
img_1057_5,0,0,0,0,0,0,0,0,0,1
img_1057_6,1,0,0,0,0,0,0,0,0,0
img_1057_7,0,0,0,0,0,0,1,0,0,0
img_1058_1,0,1,0,0,0,0,0,0,0,0
img_1058_2,0,0,0,0,1,0,0,0,0,0
img_1058_3,1,0,0,0,0,0,0,0,0,0
img_1058_4,0,0,0,0,0,0,0,0,0,1
img_1058_5,0,0,1,0,0,0,0,0,0,0
img_1058_6,0,0,0,0,1,0,0,0,0,0
img_1058_7,1,0,0,0,0,0,0,0,0,0
img_1059_1,0,1,0,0,0,0,0,0,0,0
img_1059_2,0,0,0,0,0,0,1,0,0,0
img_1059_3,0,0,0,0,0,0,0,1,0,0
img_1059_4,0,0,1,0,0,0,0,0,0,0
img_1059_5,0,1,0,0,0,0,0,0,0,0
img_1059_6,0,0,0,0,1,0,0,0,0,0
img_1059_7,0,0,1,0,0,0,0,0,0,0
img_1060_1,1,0,0,0,0,0,0,0,0,0
img_1060_2,0,0,0,0,0,0,0,0,1,0
img_1060_3,0,0,0,0,1,0,0,0,0,0
img_1060_4,0,0,0,0,1,0,0,0,0,0
img_1060_5,1,0,0,0,0,0,0,0,0,0
img_1060_6,0,0,0,0,0,0,0,0,0,1
img_1060_7,0,0,0,0,0,0,0,1,0,0
img_1061_1,1,0,0,0,0,0,0,0,0,0
img_1061_2,0,0,0,0,0,0,0,0,0,1
img_1061_3,0,0,0,0,0,0,0,0,0,1
img_1061_4,0,0,0,0,1,0,0,0,0,0
img_1061_5,0,0,0,1,0,0,0,0,0,0
img_1061_6,0,0,0,0,0,1,0,0,0,0
img_1061_7,0,0,0,0,0,0,0,0,0,1
img_1062_1,0,1,0,0,0,0,0,0,0,0
img_1062_2,0,1,0,0,0,0,0,0,0,0
img_1062_3,0,0,0,0,0,0,0,0,0,1
img_1062_4,0,0,0,0,0,0,1,0,0,0
img_1062_5,0,0,0,0,0,0,0,0,0,1
img_1062_6,0,0,1,0,0,0,0,0,0,0
img_1062_7,0,0,0,0,0,0,1,0,0,0
img_1063_1,0,1,0,0,0,0,0,0,0,0
img_1063_2,1,0,0,0,0,0,0,0,0,0
img_1063_3,1,0,0,0,0,0,0,0,0,0
img_1063_4,0,0,0,0,0,0,1,0,0,0
img_1063_5,0,0,0,0,0,0,0,0,0,1
img_1063_6,0,0,0,0,0,1,0,0,0,0
img_1063_7,1,0,0,0,0,0,0,0,0,0
img_1064_1,0,1,0,0,0,0,0,0,0,0
img_1064_2,0,0,1,0,0,0,0,0,0,0
img_1064_3,0,0,0,0,0,0,0,1,0,0
img_1064_4,0,0,0,0,0,0,0,0,0,1
img_1064_5,0,0,1,0,0,0,0,0,0,0
img_1064_6,0,0,0,0,0,0,0,0,0,1
img_1064_7,0,0,0,0,0,1,0,0,0,0
img_1065_1,1,0,0,0,0,0,0,0,0,0
img_1065_2,0,0,0,0,0,0,1,0,0,0
img_1065_3,0,0,0,0,0,1,0,0,0,0
img_1065_4,0,0,0,0,0,0,1,0,0,0
img_1065_5,0,0,0,0,0,0,1,0,0,0
img_1065_6,0,0,0,0,1,0,0,0,0,0
img_1065_7,0,0,0,0,0,0,1,0,0,0
img_1066_1,0,1,0,0,0,0,0,0,0,0
img_1066_2,0,0,0,0,0,0,0,1,0,0
img_1066_3,0,1,0,0,0,0,0,0,0,0
img_1066_4,0,0,1,0,0,0,0,0,0,0
img_1066_5,0,0,0,0,0,0,0,1,0,0
img_1066_6,0,0,1,0,0,0,0,0,0,0
img_1066_7,0,1,0,0,0,0,0,0,0,0
img_1067_1,0,1,0,0,0,0,0,0,0,0
img_1067_2,0,0,0,0,0,0,0,1,0,0
img_1067_3,0,0,0,0,0,0,0,1,0,0
img_1067_4,0,0,0,0,0,0,0,0,1,0
img_1067_5,0,0,0,0,0,0,0,0,0,1
img_1067_6,0,0,0,0,0,1,0,0,0,0
img_1067_7,0,0,0,1,0,0,0,0,0,0
img_1068_1,0,1,0,0,0,0,0,0,0,0
img_1068_2,0,0,0,0,1,0,0,0,0,0
img_1068_3,0,0,0,0,1,0,0,0,0,0
img_1068_4,0,0,0,0,0,0,0,0,0,1
img_1068_5,1,0,0,0,0,0,0,0,0,0
img_1068_6,0,0,0,0,0,0,1,0,0,0
img_1068_7,0,0,0,0,0,1,0,0,0,0
img_1069_1,0,1,0,0,0,0,0,0,0,0
img_1069_2,0,0,1,0,0,0,0,0,0,0
img_1069_3,0,0,0,0,0,0,1,0,0,0
img_1069_4,0,0,0,0,0,0,1,0,0,0
img_1069_5,0,1,0,0,0,0,0,0,0,0
img_1069_6,0,0,0,0,1,0,0,0,0,0
img_1069_7,0,0,0,0,1,0,0,0,0,0
img_1070_1,0,1,0,0,0,0,0,0,0,0
img_1070_2,0,0,0,0,0,0,0,0,1,0
img_1070_3,0,0,0,0,0,0,0,1,0,0
img_1070_4,0,0,1,0,0,0,0,0,0,0
img_1070_5,0,1,0,0,0,0,0,0,0,0
img_1070_6,0,0,0,0,0,0,0,0,1,0
img_1070_7,0,0,0,0,0,1,0,0,0,0
img_1071_1,1,0,0,0,0,0,0,0,0,0
img_1071_2,0,0,0,0,0,0,0,1,0,0
img_1071_3,0,0,0,0,0,0,0,0,0,1
img_1071_4,0,0,0,0,0,0,0,0,0,1
img_1071_5,0,0,0,0,0,0,0,1,0,0
img_1071_6,0,0,0,0,0,0,0,1,0,0
img_1071_7,0,0,0,0,0,0,0,0,1,0
img_1072_1,0,1,0,0,0,0,0,0,0,0
img_1072_2,0,0,1,0,0,0,0,0,0,0
img_1072_3,0,0,0,0,0,1,0,0,0,0
img_1072_4,0,0,0,0,0,0,1,0,0,0
img_1072_5,1,0,0,0,0,0,0,0,0,0
img_1072_6,0,0,0,0,0,0,0,0,1,0
img_1072_7,0,0,0,0,0,0,0,0,1,0
img_1073_1,1,0,0,0,0,0,0,0,0,0
img_1073_2,1,0,0,0,0,0,0,0,0,0
img_1073_3,0,0,0,0,0,0,0,0,0,1
img_1073_4,0,0,0,0,1,0,0,0,0,0
img_1073_5,0,0,0,0,0,1,0,0,0,0
img_1073_6,0,0,0,0,0,0,0,1,0,0
img_1073_7,0,0,0,1,0,0,0,0,0,0
img_1074_1,1,0,0,0,0,0,0,0,0,0
img_1074_2,0,0,0,0,0,0,1,0,0,0
img_1074_3,0,1,0,0,0,0,0,0,0,0
img_1074_4,0,0,1,0,0,0,0,0,0,0
img_1074_5,0,0,0,1,0,0,0,0,0,0
img_1074_6,1,0,0,0,0,0,0,0,0,0
img_1074_7,1,0,0,0,0,0,0,0,0,0
img_1075_1,0,1,0,0,0,0,0,0,0,0
img_1075_2,1,0,0,0,0,0,0,0,0,0
img_1075_3,0,0,0,0,0,1,0,0,0,0
img_1075_4,0,1,0,0,0,0,0,0,0,0
img_1075_5,0,0,0,0,0,0,0,0,1,0
img_1075_6,0,0,0,0,0,0,0,0,1,0
img_1075_7,0,0,0,1,0,0,0,0,0,0
img_1076_1,0,1,0,0,0,0,0,0,0,0
img_1076_2,0,0,0,0,0,1,0,0,0,0
img_1076_3,0,1,0,0,0,0,0,0,0,0
img_1076_4,0,1,0,0,0,0,0,0,0,0
img_1076_5,0,0,0,0,0,0,0,0,1,0
img_1076_6,0,0,0,0,0,0,1,0,0,0
img_1076_7,0,0,0,0,0,0,1,0,0,0
img_1077_1,1,0,0,0,0,0,0,0,0,0
img_1077_2,0,1,0,0,0,0,0,0,0,0
img_1077_3,0,0,0,0,0,0,0,0,1,0
img_1077_4,0,0,0,0,0,0,0,0,1,0
img_1077_5,0,0,0,0,0,1,0,0,0,0
img_1077_6,0,0,0,0,1,0,0,0,0,0
img_1077_7,0,0,0,1,0,0,0,0,0,0
img_1078_1,0,1,0,0,0,0,0,0,0,0
img_1078_2,0,0,1,0,0,0,0,0,0,0
img_1078_3,0,1,0,0,0,0,0,0,0,0
img_1078_4,0,0,0,0,0,0,1,0,0,0
img_1078_5,0,0,0,0,0,0,1,0,0,0
img_1078_6,0,0,0,0,0,1,0,0,0,0
img_1078_7,0,0,0,0,0,0,0,0,0,1
img_1079_1,1,0,0,0,0,0,0,0,0,0
img_1079_2,0,0,0,0,0,0,0,0,0,1
img_1079_3,0,0,0,0,0,0,1,0,0,0
img_1079_4,0,0,0,0,0,1,0,0,0,0
img_1079_5,0,0,0,1,0,0,0,0,0,0
img_1079_6,0,0,0,0,0,0,0,1,0,0
img_1079_7,1,0,0,0,0,0,0,0,0,0
img_1080_1,0,1,0,0,0,0,0,0,0,0
img_1080_2,0,0,0,0,0,0,1,0,0,0
img_1080_3,0,0,0,1,0,0,0,0,0,0
img_1080_4,0,0,0,1,0,0,0,0,0,0
img_1080_5,0,0,0,0,0,1,0,0,0,0
img_1080_6,0,0,0,0,0,0,1,0,0,0
img_1080_7,0,0,0,0,0,0,0,1,0,0
img_1081_1,0,1,0,0,0,0,0,0,0,0
img_1081_2,0,1,0,0,0,0,0,0,0,0
img_1081_3,0,0,0,0,0,0,0,1,0,0
img_1081_4,0,0,0,0,0,0,1,0,0,0
img_1081_5,0,0,0,0,1,0,0,0,0,0
img_1081_6,0,0,0,0,0,0,0,0,0,1
img_1081_7,0,1,0,0,0,0,0,0,0,0
img_1082_1,0,1,0,0,0,0,0,0,0,0
img_1082_2,0,1,0,0,0,0,0,0,0,0
img_1082_3,0,0,0,1,0,0,0,0,0,0
img_1082_4,0,0,1,0,0,0,0,0,0,0
img_1082_5,0,0,0,0,0,0,0,1,0,0
img_1082_6,0,0,0,0,0,0,0,0,1,0
img_1082_7,0,0,0,0,0,0,0,0,1,0
img_1083_1,0,1,0,0,0,0,0,0,0,0
img_1083_2,0,0,0,0,1,0,0,0,0,0
img_1083_3,0,0,0,0,0,0,0,0,1,0
img_1083_4,0,0,1,0,0,0,0,0,0,0
img_1083_5,0,0,0,0,0,0,0,0,0,1
img_1083_6,1,0,0,0,0,0,0,0,0,0
img_1083_7,0,0,0,1,0,0,0,0,0,0
img_1084_1,0,1,0,0,0,0,0,0,0,0
img_1084_2,0,1,0,0,0,0,0,0,0,0
img_1084_3,0,1,0,0,0,0,0,0,0,0
img_1084_4,0,0,0,0,0,0,0,1,0,0
img_1084_5,1,0,0,0,0,0,0,0,0,0
img_1084_6,1,0,0,0,0,0,0,0,0,0
img_1084_7,0,0,0,0,0,0,1,0,0,0
img_1085_1,0,1,0,0,0,0,0,0,0,0
img_1085_2,0,0,0,0,0,0,0,1,0,0
img_1085_3,0,0,1,0,0,0,0,0,0,0
img_1085_4,0,0,0,0,0,0,1,0,0,0
img_1085_5,0,0,0,1,0,0,0,0,0,0
img_1085_6,1,0,0,0,0,0,0,0,0,0
img_1085_7,0,0,1,0,0,0,0,0,0,0
img_1086_1,1,0,0,0,0,0,0,0,0,0
img_1086_2,0,0,0,0,0,0,0,1,0,0
img_1086_3,0,0,1,0,0,0,0,0,0,0
img_1086_4,0,0,0,0,0,1,0,0,0,0
img_1086_5,1,0,0,0,0,0,0,0,0,0
img_1086_6,0,0,0,0,1,0,0,0,0,0
img_1086_7,0,0,0,1,0,0,0,0,0,0
img_1087_1,0,1,0,0,0,0,0,0,0,0
img_1087_2,0,0,0,1,0,0,0,0,0,0
img_1087_3,0,0,0,0,0,1,0,0,0,0
img_1087_4,0,0,0,0,0,1,0,0,0,0
img_1087_5,0,0,0,1,0,0,0,0,0,0
img_1087_6,0,0,0,1,0,0,0,0,0,0
img_1087_7,0,0,1,0,0,0,0,0,0,0
img_1088_1,1,0,0,0,0,0,0,0,0,0
img_1088_2,1,0,0,0,0,0,0,0,0,0
img_1088_3,0,0,1,0,0,0,0,0,0,0
img_1088_4,0,0,0,0,0,0,0,0,0,1
img_1088_5,0,0,0,0,0,0,0,1,0,0
img_1088_6,0,0,0,0,0,0,0,0,1,0
img_1088_7,0,0,0,0,0,1,0,0,0,0
img_1089_1,0,1,0,0,0,0,0,0,0,0
img_1089_2,0,0,0,0,0,0,0,1,0,0
img_1089_3,1,0,0,0,0,0,0,0,0,0
img_1089_4,0,0,0,0,0,0,0,1,0,0
img_1089_5,0,0,0,0,0,0,0,0,1,0
img_1089_6,0,0,0,0,1,0,0,0,0,0
img_1089_7,1,0,0,0,0,0,0,0,0,0
img_1090_1,1,0,0,0,0,0,0,0,0,0
img_1090_2,0,1,0,0,0,0,0,0,0,0
img_1090_3,0,0,0,1,0,0,0,0,0,0
img_1090_4,0,1,0,0,0,0,0,0,0,0
img_1090_5,0,0,0,0,0,0,0,0,1,0
img_1090_6,0,0,0,0,0,0,0,1,0,0
img_1090_7,1,0,0,0,0,0,0,0,0,0
img_1091_1,0,1,0,0,0,0,0,0,0,0
img_1091_2,0,0,0,0,1,0,0,0,0,0
img_1091_3,1,0,0,0,0,0,0,0,0,0
img_1091_4,0,0,0,0,0,0,0,0,0,1
img_1091_5,0,0,1,0,0,0,0,0,0,0
img_1091_6,0,0,0,0,1,0,0,0,0,0
img_1091_7,1,0,0,0,0,0,0,0,0,0
img_1092_1,0,1,0,0,0,0,0,0,0,0
img_1092_2,0,0,1,0,0,0,0,0,0,0
img_1092_3,0,0,0,0,0,0,0,0,0,1
img_1092_4,0,0,0,1,0,0,0,0,0,0
img_1092_5,0,0,0,0,0,0,0,0,0,1
img_1092_6,0,0,0,0,0,0,0,1,0,0
img_1092_7,0,0,0,1,0,0,0,0,0,0
img_1093_1,1,0,0,0,0,0,0,0,0,0
img_1093_2,0,0,0,0,0,0,1,0,0,0
img_1093_3,0,0,0,0,0,1,0,0,0,0
img_1093_4,0,0,0,0,0,0,0,0,1,0
img_1093_5,0,0,0,0,0,0,1,0,0,0
img_1093_6,1,0,0,0,0,0,0,0,0,0
img_1093_7,1,0,0,0,0,0,0,0,0,0
img_1094_1,0,1,0,0,0,0,0,0,0,0
img_1094_2,0,0,1,0,0,0,0,0,0,0
img_1094_3,0,0,0,0,0,0,1,0,0,0
img_1094_4,0,0,0,0,0,0,0,0,1,0
img_1094_5,0,0,1,0,0,0,0,0,0,0
img_1094_6,1,0,0,0,0,0,0,0,0,0
img_1094_7,0,0,0,0,0,0,0,0,1,0
img_1095_1,1,0,0,0,0,0,0,0,0,0
img_1095_2,0,0,0,0,0,0,1,0,0,0
img_1095_3,0,0,0,0,0,1,0,0,0,0
img_1095_4,0,0,0,0,0,1,0,0,0,0
img_1095_5,0,0,0,0,0,0,0,0,1,0
img_1095_6,0,0,0,0,0,0,1,0,0,0
img_1095_7,0,0,0,0,0,1,0,0,0,0
img_1096_1,0,1,0,0,0,0,0,0,0,0
img_1096_2,0,0,0,0,0,0,0,1,0,0
img_1096_3,1,0,0,0,0,0,0,0,0,0
img_1096_4,0,1,0,0,0,0,0,0,0,0
img_1096_5,1,0,0,0,0,0,0,0,0,0
img_1096_6,0,0,0,0,0,0,0,1,0,0
img_1096_7,0,0,0,0,0,0,0,1,0,0
img_1098_1,1,0,0,0,0,0,0,0,0,0
img_1098_2,0,0,0,1,0,0,0,0,0,0
img_1098_3,0,0,0,0,0,0,0,0,0,1
img_1098_4,0,0,0,0,0,0,0,0,1,0
img_1098_5,0,0,0,0,0,0,0,1,0,0
img_1098_6,1,0,0,0,0,0,0,0,0,0
img_1098_7,0,0,0,0,0,0,0,1,0,0
img_1099_1,0,1,0,0,0,0,0,0,0,0
img_1099_2,0,0,0,0,1,0,0,0,0,0
img_1099_3,1,0,0,0,0,0,0,0,0,0
img_1099_4,0,1,0,0,0,0,0,0,0,0
img_1099_5,0,0,0,0,0,0,0,1,0,0
img_1099_6,1,0,0,0,0,0,0,0,0,0
img_1099_7,0,0,0,0,1,0,0,0,0,0
img_1100_1,0,1,0,0,0,0,0,0,0,0
img_1100_2,0,0,0,0,0,1,0,0,0,0
img_1100_3,0,0,0,1,0,0,0,0,0,0
img_1100_4,0,0,0,1,0,0,0,0,0,0
img_1100_5,0,0,1,0,0,0,0,0,0,0
img_1100_6,0,0,1,0,0,0,0,0,0,0
img_1100_7,0,0,1,0,0,0,0,0,0,0
img_1101_1,1,0,0,0,0,0,0,0,0,0
img_1101_2,0,0,0,0,0,0,1,0,0,0
img_1101_3,1,0,0,0,0,0,0,0,0,0
img_1101_4,0,0,0,1,0,0,0,0,0,0
img_1101_5,1,0,0,0,0,0,0,0,0,0
img_1101_6,0,0,0,0,1,0,0,0,0,0
img_1101_7,0,0,0,0,1,0,0,0,0,0
img_1102_1,0,1,0,0,0,0,0,0,0,0
img_1102_2,0,0,0,0,0,0,1,0,0,0
img_1102_3,0,0,0,0,1,0,0,0,0,0
img_1102_4,0,0,0,0,0,1,0,0,0,0
img_1102_5,0,0,0,0,0,0,0,0,1,0
img_1102_6,0,0,0,0,0,0,1,0,0,0
img_1102_7,0,0,0,0,1,0,0,0,0,0
img_1103_1,0,1,0,0,0,0,0,0,0,0
img_1103_2,0,0,0,0,0,0,0,0,1,0
img_1103_3,0,0,0,0,0,0,0,0,1,0
img_1103_4,0,0,0,0,0,0,0,1,0,0
img_1103_5,1,0,0,0,0,0,0,0,0,0
img_1103_6,0,0,0,0,0,0,0,0,1,0
img_1103_7,0,0,0,1,0,0,0,0,0,0
img_1104_1,1,0,0,0,0,0,0,0,0,0
img_1104_2,0,0,0,0,0,0,0,1,0,0
img_1104_3,0,0,0,0,0,0,0,0,0,1
img_1104_4,0,0,0,0,0,0,0,0,1,0
img_1104_5,0,0,0,0,0,0,1,0,0,0
img_1104_6,0,1,0,0,0,0,0,0,0,0
img_1104_7,0,0,1,0,0,0,0,0,0,0
img_1105_1,1,0,0,0,0,0,0,0,0,0
img_1105_2,0,0,0,0,0,0,1,0,0,0
img_1105_3,0,0,0,0,0,1,0,0,0,0
img_1105_4,0,0,0,0,0,0,1,0,0,0
img_1105_5,0,0,0,0,0,0,1,0,0,0
img_1105_6,0,0,0,0,1,0,0,0,0,0
img_1105_7,0,0,0,0,0,0,1,0,0,0
img_1106_1,1,0,0,0,0,0,0,0,0,0
img_1106_2,0,1,0,0,0,0,0,0,0,0
img_1106_3,1,0,0,0,0,0,0,0,0,0
img_1106_4,0,0,0,0,1,0,0,0,0,0
img_1106_5,0,0,0,0,0,1,0,0,0,0
img_1106_6,0,0,0,0,1,0,0,0,0,0
img_1106_7,0,1,0,0,0,0,0,0,0,0
img_1107_1,0,1,0,0,0,0,0,0,0,0
img_1107_2,0,1,0,0,0,0,0,0,0,0
img_1107_3,1,0,0,0,0,0,0,0,0,0
img_1107_4,0,0,0,0,0,0,1,0,0,0
img_1107_5,0,0,0,0,0,0,0,0,1,0
img_1107_6,0,0,1,0,0,0,0,0,0,0
img_1107_7,0,0,0,0,0,0,0,0,0,1
img_1108_1,1,0,0,0,0,0,0,0,0,0
img_1108_2,0,0,0,0,0,0,1,0,0,0
img_1108_3,0,0,0,0,0,0,0,1,0,0
img_1108_4,0,0,0,0,0,1,0,0,0,0
img_1108_5,0,0,0,0,0,1,0,0,0,0
img_1108_6,1,0,0,0,0,0,0,0,0,0
img_1108_7,0,0,0,0,1,0,0,0,0,0
img_1109_1,1,0,0,0,0,0,0,0,0,0
img_1109_2,0,0,0,0,0,0,0,0,0,1
img_1109_3,0,0,0,0,1,0,0,0,0,0
img_1109_4,0,1,0,0,0,0,0,0,0,0
img_1109_5,0,0,0,1,0,0,0,0,0,0
img_1109_6,0,0,0,0,0,0,1,0,0,0
img_1109_7,0,0,0,0,0,1,0,0,0,0
img_1110_1,0,1,0,0,0,0,0,0,0,0
img_1110_2,0,0,0,0,0,0,0,0,1,0
img_1110_3,0,1,0,0,0,0,0,0,0,0
img_1110_4,0,0,0,1,0,0,0,0,0,0
img_1110_5,0,0,0,0,0,0,1,0,0,0
img_1110_6,0,0,0,0,0,0,0,0,0,1
img_1110_7,1,0,0,0,0,0,0,0,0,0
img_1111_1,1,0,0,0,0,0,0,0,0,0
img_1111_2,0,0,0,0,0,0,1,0,0,0
img_1111_3,0,0,0,0,1,0,0,0,0,0
img_1111_4,0,0,0,0,0,0,1,0,0,0
img_1111_5,0,0,0,0,0,1,0,0,0,0
img_1111_6,0,0,0,0,0,0,0,0,1,0
img_1111_7,0,1,0,0,0,0,0,0,0,0
img_1112_1,0,1,0,0,0,0,0,0,0,0
img_1112_2,0,0,0,1,0,0,0,0,0,0
img_1112_3,0,0,0,0,0,0,0,1,0,0
img_1112_4,0,0,0,0,0,0,0,0,1,0
img_1112_5,0,1,0,0,0,0,0,0,0,0
img_1112_6,0,0,0,0,0,1,0,0,0,0
img_1112_7,0,0,0,0,0,0,0,0,0,1
img_1113_1,0,1,0,0,0,0,0,0,0,0
img_1113_2,1,0,0,0,0,0,0,0,0,0
img_1113_3,1,0,0,0,0,0,0,0,0,0
img_1113_4,0,0,0,0,0,1,0,0,0,0
img_1113_5,0,0,0,1,0,0,0,0,0,0
img_1113_6,0,0,0,1,0,0,0,0,0,0
img_1113_7,0,0,0,1,0,0,0,0,0,0
